SS600000,浦发银行,
SS600004,白云机场,
SS600005,武钢股份,
SS600006,东风汽车,
SS600007,中国国贸,
SS600008,首创股份,
SS600009,上海机场,
SS600010,包钢股份,
SS600011,华能国际,
SS600012,皖通高速,
SS600015,华夏银行,
SS600016,民生银行,
SS600017,日照港,
SS600018,上港集团,
SS600019,宝钢股份,
SS600020,中原高速,
SS600021,上海电力,
SS600022,济南钢铁,
SS600026,中海发展,
SS600027,华电国际,
SS600028,中国石化,
SS600029,南方航空,
SS600030,中信证券,
SS600031,三一重工,
SS600033,福建高速,
SS600035,楚天高速,
SS600036,招商银行,
SS600037,歌华有线,
SS600038,哈飞股份,
SS600039,四川路桥,
SS600048,保利地产,
SS600050,中国联通,
SS600051,宁波联合,
SS600052,浙江广厦,
SS600053,中江地产,
SS600054,黄山旅游,
SS600055,万东医疗,
SS600056,中国医药,
SS600058,五矿发展,
SS600059,古越龙山,
SS600060,海信电器,
SS600061,中纺投资,
SS600062,双鹤药业,
SS600063,皖维高新,
SS600064,南京高科,
SS600066,宇通客车,
SS600067,冠城大通,
SS600068,葛洲坝,
SS600069,银鸽投资,
SS600070,浙江富润,
SS600071,凤凰光学,
SS600072,中船股份,
SS600073,上海梅林,
SS600074,中达股份,
SS600075,新疆天业,
SS600076,ST华光,
SS600077,*ST百科,
SS600078,澄星股份,
SS600079,人福医药,
SS600080,*ST金花,
SS600081,东风科技,
SS600082,海泰发展,
SS600083,*ST博信,
SS600084,*ST中葡,
SS600085,同仁堂,
SS600086,东方金钰,
SS600087,长航油运,
SS600088,中视传媒,
SS600089,特变电工,
SS600090,啤酒花,
SS600091,*ST明科,
SS600093,禾嘉股份,
SS600095,哈高科,
SS600096,云天化,
SS600097,开创国际,
SS600098,广州控股,
SS600099,林海股份,
SS600100,同方股份,
SS600101,明星电力,
SS600102,莱钢股份,
SS600103,青山纸业,
SS600104,上海汽车,
SS600105,永鼎股份,
SS600106,重庆路桥,
SS600107,美尔雅,
SS600108,亚盛集团,
SS600109,国金证券,
SS600110,中科英华,
SS600111,包钢稀土,
SS600112,长征电气,
SS600113,浙江东日,
SS600114,东睦股份,
SS600115,东方航空,
SS600116,三峡水利,
SS600117,西宁特钢,
SS600118,中国卫星,
SS600119,长江投资,
SS600120,浙江东方,
SS600121,郑州煤电,
SS600122,宏图高科,
SS600123,兰花科创,
SS600125,铁龙物流,
SS600126,杭钢股份,
SS600127,金健米业,
SS600128,弘业股份,
SS600129,太极集团,
SS600130,ST波导,
SS600131,*ST岷电,
SS600132,重庆啤酒,
SS600133,东湖高新,
SS600135,乐凯胶片,
SS600136,道博股份,
SS600137,浪莎股份,
SS600138,中青旅,
SS600139,西部资源,
SS600141,兴发集团,
SS600143,金发科技,
SS600145,*ST四维,
SS600146,大元股份,
SS600148,长春一东,
SS600149,*ST建通,
SS600150,中国船舶,
SS600151,航天机电,
SS600152,维科精华,
SS600153,建发股份,
SS600155,*ST宝硕,
SS600156,华升股份,
SS600157,永泰能源,
SS600158,中体产业,
SS600159,大龙地产,
SS600160,巨化股份,
SS600161,天坛生物,
SS600162,香江控股,
SS600163,福建南纸,
SS600165,宁夏恒力,
SS600166,福田汽车,
SS600167,联美控股,
SS600168,武汉控股,
SS600169,太原重工,
SS600170,上海建工,
SS600171,上海贝岭,
SS600172,黄河旋风,
SS600173,卧龙地产,
SS600175,美都控股,
SS600176,中国玻纤,
SS600177,雅戈尔,
SS600178,东安动力,
SS600179,*ST黑化,
SS600180,*ST九发,
SS600182,S佳通,
SS600183,生益科技,
SS600184,光电股份,
SS600185,格力地产,
SS600186,莲花味精,
SS600187,国中水务,
SS600188,兖州煤业,
SS600189,吉林森工,
SS600190,锦州港,
SS600191,华资实业,
SS600192,长城电工,
SS600193,创兴置业,
SS600195,中牧股份,
SS600196,复星医药,
SS600197,伊力特,
SS600198,大唐电信,
SS600199,金种子酒,
SS600200,江苏吴中,
SS600201,金宇集团,
SS600202,哈空调,
SS600203,*ST福日,
SS600206,有研硅股,
SS600207,ST安彩,
SS600208,新湖中宝,
SS600209,*ST罗顿,
SS600210,紫江企业,
SS600211,西藏药业,
SS600212,江泉实业,
SS600213,亚星客车,
SS600215,长春经开,
SS600216,浙江医药,
SS600217,*ST秦岭,
SS600218,全柴动力,
SS600219,南山铝业,
SS600220,江苏阳光,
SS600221,海南航空,
SS600222,太龙药业,
SS600223,鲁商置业,
SS600225,天津松江,
SS600226,升华拜克,
SS600227,赤天化,
SS600228,昌九生化,
SS600229,青岛碱业,
SS600230,沧州大化,
SS600231,凌钢股份,
SS600232,金鹰股份,
SS600233,大杨创世,
SS600234,ST天龙,
SS600235,民丰特纸,
SS600236,桂冠电力,
SS600237,铜峰电子,
SS600238,海南椰岛,
SS600239,云南城投,
SS600240,华业地产,
SS600241,时代万恒,
SS600242,ST华龙,
SS600243,青海华鼎,
SS600246,万通地产,
SS600247,成城股份,
SS600248,延长化建,
SS600249,两面针,
SS600250,南纺股份,
SS600251,冠农股份,
SS600252,中恒集团,
SS600253,天方药业,
SS600255,鑫科材料,
SS600256,广汇股份,
SS600257,大湖股份,
SS600258,首旅股份,
SS600259,广晟有色,
SS600260,凯乐科技,
SS600261,阳光照明,
SS600262,北方股份,
SS600263,路桥建设,
SS600265,景谷林业,
SS600266,北京城建,
SS600267,海正药业,
SS600268,国电南自,
SS600269,赣粤高速,
SS600270,外运发展,
SS600271,航天信息,
SS600272,开开实业,
SS600273,华芳纺织,
SS600275,ST昌鱼,
SS600276,恒瑞医药,
SS600277,亿利能源,
SS600278,东方创业,
SS600279,重庆港九,
SS600280,南京中商,
SS600281,太化股份,
SS600282,南钢股份,
SS600283,钱江水利,
SS600284,浦东建设,
SS600285,羚锐制药,
SS600287,江苏舜天,
SS600288,大恒科技,
SS600289,亿阳信通,
SS600290,华仪电气,
SS600291,西水股份,
SS600292,九龙电力,
SS600293,三峡新材,
SS600295,鄂尔多斯,
SS600297,美罗药业,
SS600298,安琪酵母,
SS600299,*ST新材,
SS600300,维维股份,
SS600301,*ST南化,
SS600302,标准股份,
SS600303,曙光股份,
SS600305,恒顺醋业,
SS600306,商业城,
SS600307,酒钢宏兴,
SS600308,华泰股份,
SS600309,烟台万华,
SS600310,桂东电力,
SS600311,荣华实业,
SS600312,平高电气,
SS600315,上海家化,
SS600316,洪都航空,
SS600317,营口港,
SS600318,巢东股份,
SS600319,亚星化学,
SS600320,振华重工,
SS600321,国栋建设,
SS600322,天房发展,
SS600323,南海发展,
SS600325,华发股份,
SS600326,西藏天路,
SS600327,大厦股份,
SS600328,兰太实业,
SS600329,中新药业,
SS600330,天通股份,
SS600331,宏达股份,
SS600332,广州药业,
SS600333,长春燃气,
SS600335,*ST盛工,
SS600336,澳柯玛,
SS600337,美克股份,
SS600338,ST珠峰,
SS600339,天利高新,
SS600340,ST国祥,
SS600343,航天动力,
SS600345,长江通信,
SS600346,大橡塑,
SS600348,国阳新能,
SS600350,山东高速,
SS600351,亚宝药业,
SS600352,浙江龙盛,
SS600353,旭光股份,
SS600354,敦煌种业,
SS600355,*ST精伦,
SS600356,恒丰纸业,
SS600358,国旅联合,
SS600359,新农开发,
SS600360,华微电子,
SS600361,华联综超,
SS600362,江西铜业,
SS600363,联创光电,
SS600365,*ST通葡,
SS600366,宁波韵升,
SS600367,红星发展,
SS600368,五洲交通,
SS600369,西南证券,
SS600370,三房巷,
SS600371,万向德农,
SS600372,ST昌河,
SS600373,*ST鑫新,
SS600375,星马汽车,
SS600376,首开股份,
SS600377,宁沪高速,
SS600378,天科股份,
SS600379,宝光股份,
SS600380,健康元,
SS600381,ST贤成,
SS600382,广东明珠,
SS600383,金地集团,
SS600385,ST金泰,
SS600386,北巴传媒,
SS600387,海越股份,
SS600388,龙净环保,
SS600389,江山股份,
SS600390,金瑞科技,
SS600391,成发科技,
SS600392,太工天成,
SS600393,东华实业,
SS600395,盘江股份,
SS600396,金山股份,
SS600397,安源股份,
SS600398,凯诺科技,
SS600399,抚顺特钢,
SS600400,红豆股份,
SS600403,大有能源,
SS600405,动力源,
SS600406,国电南瑞,
SS600408,安泰集团,
SS600409,三友化工,
SS600410,华胜天成,
SS600415,小商品城,
SS600416,湘电股份,
SS600418,江淮汽车,
SS600419,ST天宏,
SS600420,现代制药,
SS600421,ST国药,
SS600422,昆明制药,
SS600423,柳化股份,
SS600425,青松建化,
SS600426,华鲁恒升,
SS600428,中远航运,
SS600429,三元股份,
SS600432,吉恩镍业,
SS600433,冠豪高新,
SS600435,中兵光电,
SS600436,片仔癀,
SS600438,通威股份,
SS600439,瑞贝卡,
SS600444,*ST国通,
SS600446,金证股份,
SS600448,华纺股份,
SS600449,赛马实业,
SS600452,涪陵电力,
SS600455,*ST博通,
SS600456,宝钛股份,
SS600458,时代新材,
SS600459,贵研铂业,
SS600460,士兰微,
SS600461,洪城水业,
SS600462,*ST石岘,
SS600463,空港股份,
SS600466,迪康药业,
SS600467,好当家,
SS600468,百利电气,
SS600469,风神股份,
SS600470,六国化工,
SS600475,华光股份,
SS600476,湘邮科技,
SS600477,杭萧钢构,
SS600478,科力远,
SS600479,千金药业,
SS600480,凌云股份,
SS600481,双良节能,
SS600482,风帆股份,
SS600483,福建南纺,
SS600485,中创信测,
SS600486,扬农化工,
SS600487,亨通光电,
SS600488,天药股份,
SS600489,中金黄金,
SS600490,*ST合臣,
SS600491,龙元建设,
SS600493,凤竹纺织,
SS600495,晋西车轴,
SS600496,精工钢构,
SS600497,驰宏锌锗,
SS600498,烽火通信,
SS600499,科达机电,
SS600500,中化国际,
SS600501,航天晨光,
SS600502,安徽水利,
SS600503,华丽家族,
SS600505,西昌电力,
SS600506,ST香梨,
SS600507,方大特钢,
SS600508,上海能源,
SS600509,天富热电,
SS600510,黑牡丹,
SS600511,国药股份,
SS600512,腾达建设,
SS600513,联环药业,
SS600515,*ST筑信,
SS600516,方大炭素,
SS600517,置信电气,
SS600518,康美药业,
SS600519,贵州茅台,
SS600520,三佳科技,
SS600521,华海药业,
SS600522,中天科技,
SS600523,贵航股份,
SS600525,长园集团,
SS600526,菲达环保,
SS600527,江南高纤,
SS600528,中铁二局,
SS600529,山东药玻,
SS600530,交大昂立,
SS600531,豫光金铅,
SS600532,华阳科技,
SS600533,栖霞建设,
SS600535,天士力,
SS600536,中国软件,
SS600537,海通集团,
SS600538,*ST国发,
SS600539,狮头股份,
SS600540,新赛股份,
SS600543,莫高股份,
SS600545,新疆城建,
SS600546,山煤国际,
SS600547,山东黄金,
SS600548,深高速,
SS600549,厦门钨业,
SS600550,天威保变,
SS600551,时代出版,
SS600552,方兴科技,
SS600555,九龙山,
SS600557,康缘药业,
SS600558,大西洋,
SS600559,老白干酒,
SS600560,金自天正,
SS600561,江西长运,
SS600562,*ST高陶,
SS600563,法拉电子,
SS600565,迪马股份,
SS600566,洪城股份,
SS600567,山鹰纸业,
SS600568,中珠控股,
SS600569,安阳钢铁,
SS600570,恒生电子,
SS600571,信雅达,
SS600572,康恩贝,
SS600573,惠泉啤酒,
SS600575,芜湖港,
SS600576,万好万家,
SS600577,精达股份,
SS600578,京能热电,
SS600579,ST黄海,
SS600580,卧龙电气,
SS600581,八一钢铁,
SS600582,天地科技,
SS600583,海油工程,
SS600584,长电科技,
SS600585,海螺水泥,
SS600586,金晶科技,
SS600587,新华医疗,
SS600588,用友软件,
SS600589,广东榕泰,
SS600590,泰豪科技,
SS600592,龙溪股份,
SS600593,大连圣亚,
SS600594,益佰制药,
SS600595,中孚实业,
SS600596,新安股份,
SS600597,光明乳业,
SS600598,北大荒,
SS600599,熊猫烟花,
SS600600,青岛啤酒,
SS600601,方正科技,
SS600602,广电电子,
SS600603,ST兴  业,
SS600604,ST二纺,
SS600605,汇通能源,
SS600606,金丰投资,
SS600608,*ST沪科,
SS600609,*ST金杯,
SS600610,SST中纺,
SS600611,大众交通,
SS600612,老凤祥,
SS600613,永生投资,
SS600614,鼎立股份,
SS600615,丰华股份,
SS600616,金枫酒业,
SS600617,*ST联华,
SS600618,氯碱化工,
SS600619,海立股份,
SS600620,天宸股份,
SS600621,上海金陵,
SS600622,嘉宝集团,
SS600623,双钱股份,
SS600624,复旦复华,
SS600626,申达股份,
SS600628,新世界,
SS600629,棱光实业,
SS600630,龙头股份,
SS600631,百联股份,
SS600634,*ST海鸟,
SS600635,大众公用,
SS600636,三爱富,
SS600637,广电信息,
SS600638,新黄浦,
SS600639,浦东金桥,
SS600640,中卫国脉,
SS600641,万业企业,
SS600642,申能股份,
SS600643,爱建股份,
SS600644,乐山电力,
SS600645,ST中源,
SS600647,同达创业,
SS600648,外高桥,
SS600649,城投控股,
SS600650,锦江投资,
SS600651,飞乐音响,
SS600652,爱使股份,
SS600653,申华控股,
SS600654,飞乐股份,
SS600655,豫园商城,
SS600656,ST方源,
SS600657,信达地产,
SS600658,电子城,
SS600660,福耀玻璃,
SS600661,新南洋,
SS600662,强生控股,
SS600663,陆家嘴,
SS600664,哈药股份,
SS600665,天地源,
SS600666,西南药业,
SS600667,太极实业,
SS600668,尖峰集团,
SS600671,天目药业,
SS600673,东阳光铝,
SS600674,川投能源,
SS600675,中华企业,
SS600676,交运股份,
SS600677,航天通信,
SS600678,*ST金顶,
SS600679,金山开发,
SS600680,上海普天,
SS600682,南京新百,
SS600683,京投银泰,
SS600684,珠江实业,
SS600685,广船国际,
SS600686,金龙汽车,
SS600687,刚泰控股,
SS600688,S上石化,
SS600689,上海三毛,
SS600690,青岛海尔,
SS600691,*ST东碳,
SS600692,亚通股份,
SS600693,东百集团,
SS600694,大商股份,
SS600695,大江股份,
SS600696,多伦股份,
SS600697,欧亚集团,
SS600698,ST轻骑,
SS600699,*ST得亨,
SS600701,工大高新,
SS600702,沱牌曲酒,
SS600703,三安光电,
SS600704,中大股份,
SS600706,ST长信,
SS600707,彩虹股份,
SS600708,海博股份,
SS600710,常林股份,
SS600711,雄震矿业,
SS600712,南宁百货,
SS600713,南京医药,
SS600714,ST金瑞,
SS600715,ST松辽,
SS600716,凤凰股份,
SS600717,天津港,
SS600718,东软集团,
SS600719,大连热电,
SS600720,祁连山,
SS600721,ST百花,
SS600722,*ST金化,
SS600723,西单商场,
SS600724,宁波富达,
SS600725,云维股份,
SS600726,华电能源,
SS600728,ST新太,
SS600729,重庆百货,
SS600730,中国高科,
SS600731,湖南海利,
SS600732,上海新梅,
SS600733,S前锋,
SS600734,实达集团,
SS600735,新华锦,
SS600736,苏州高新,
SS600737,中粮屯河,
SS600738,兰州民百,
SS600739,辽宁成大,
SS600740,*ST山焦,
SS600741,华域汽车,
SS600742,一汽富维,
SS600743,华远地产,
SS600744,华银电力,
SS600745,中茵股份,
SS600746,江苏索普,
SS600747,大连控股,
SS600748,上实发展,
SS600749,西藏旅游,
SS600750,江中药业,
SS600751,SST天海,
SS600753,东方银星,
SS600754,锦江股份,
SS600755,厦门国贸,
SS600756,浪潮软件,
SS600757,*ST源发,
SS600758,红阳能源,
SS600759,正和股份,
SS600760,中航黑豹,
SS600761,安徽合力,
SS600763,通策医疗,
SS600764,中电广通,
SS600765,中航重机,
SS600766,园城股份,
SS600767,运盛实业,
SS600768,宁波富邦,
SS600769,*ST祥龙,
SS600770,综艺股份,
SS600771,ST东盛,
SS600773,西藏城投,
SS600774,汉商集团,
SS600775,南京熊猫,
SS600776,东方通信,
SS600777,新潮实业,
SS600778,友好集团,
SS600779,水井坊,
SS600780,通宝能源,
SS600781,上海辅仁,
SS600782,新钢股份,
SS600783,鲁信高新,
SS600784,鲁银投资,
SS600785,新华百货,
SS600787,中储股份,
SS600789,鲁抗医药,
SS600790,轻纺城,
SS600791,京能置业,
SS600792,ST马龙,
SS600793,ST宜纸,
SS600794,保税科技,
SS600795,国电电力,
SS600796,钱江生化,
SS600797,浙大网新,
SS600798,宁波海运,
SS600800,ST磁卡,
SS600801,华新水泥,
SS600802,福建水泥,
SS600803,威远生化,
SS600804,鹏博士,
SS600805,悦达投资,
SS600806,昆明机床,
SS600807,天业股份,
SS600808,马钢股份,
SS600809,山西汾酒,
SS600810,神马股份,
SS600811,东方集团,
SS600812,华北制药,
SS600814,杭州解百,
SS600815,厦工股份,
SS600816,安信信托,
SS600818,中路股份,
SS600819,耀皮玻璃,
SS600820,隧道股份,
SS600821,津劝业,
SS600822,上海物贸,
SS600823,世茂股份,
SS600824,益民集团,
SS600825,新华传媒,
SS600826,兰生股份,
SS600827,友谊股份,
SS600828,成商集团,
SS600829,三精制药,
SS600830,香溢融通,
SS600831,广电网络,
SS600832,东方明珠,
SS600833,第一医药,
SS600834,申通地铁,
SS600835,上海机电,
SS600836,界龙实业,
SS600837,海通证券,
SS600838,上海九百,
SS600839,四川长虹,
SS600841,上柴股份,
SS600843,上工申贝,
SS600844,丹化科技,
SS600845,宝信软件,
SS600846,同济科技,
SS600847,ST渝万里,
SS600848,自仪股份,
SS600850,华东电脑,
SS600851,海欣股份,
SS600853,龙建股份,
SS600854,ST春兰,
SS600855,航天长峰,
SS600856,长百集团,
SS600857,工大首创,
SS600858,银座股份,
SS600859,王府井,
SS600860,*ST北人,
SS600861,北京城乡,
SS600862,南通科技,
SS600863,内蒙华电,
SS600864,哈投股份,
SS600865,百大集团,
SS600866,星湖科技,
SS600867,通化东宝,
SS600868,ST梅雁,
SS600869,三普药业,
SS600870,ST厦华,
SS600871,S仪化,
SS600872,中炬高新,
SS600873,五洲明珠,
SS600874,创业环保,
SS600875,东方电气,
SS600876,ST洛玻,
SS600877,中国嘉陵,
SS600879,航天电子,
SS600880,博瑞传播,
SS600881,亚泰集团,
SS600882,大成股份,
SS600883,博闻科技,
SS600884,杉杉股份,
SS600885,*ST力阳,
SS600886,国投电力,
SS600887,伊利股份,
SS600888,新疆众和,
SS600889,南京化纤,
SS600890,ST中房,
SS600891,ST秋林,
SS600892,*ST宝诚,
SS600893,航空动力,
SS600894,广钢股份,
SS600895,张江高科,
SS600896,中海海盛,
SS600897,厦门空港,
SS600900,长江电力,
SS600960,滨州活塞,
SS600961,株冶集团,
SS600962,国投中鲁,
SS600963,岳阳纸业,
SS600965,福成五丰,
SS600966,博汇纸业,
SS600967,北方创业,
SS600969,郴电国际,
SS600970,中材国际,
SS600971,恒源煤电,
SS600973,宝胜股份,
SS600975,新五丰,
SS600976,武汉健民,
SS600978,宜华木业,
SS600979,广安爱众,
SS600980,北矿磁材,
SS600981,江苏开元,
SS600982,宁波热电,
SS600983,合肥三洋,
SS600984,*ST建机,
SS600985,雷鸣科化,
SS600986,科达股份,
SS600987,航民股份,
SS600988,*ST宝龙,
SS600990,四创电子,
SS600991,广汽长丰,
SS600992,贵绳股份,
SS600993,马应龙,
SS600995,文山电力,
SS600997,开滦股份,
SS600998,九州通,
SS600999,招商证券,
SS601000,唐山港,
SS601001,大同煤业,
SS601002,晋亿实业,
SS601003,柳钢股份,
SS601005,重庆钢铁,
SS601006,大秦铁路,
SS601007,金陵饭店,
SS601008,连云港,
SS601009,南京银行,
SS601011,N宝泰隆,
SS601018,宁波港,
SS601088,中国神华,
SS601098,中南传媒,
SS601099,太平洋,
SS601101,昊华能源,
SS601106,中国一重,
SS601107,四川成渝,
SS601111,中国国航,
SS601116,三江购物,
SS601117,中国化学,
SS601118,海南橡胶,
SS601126,四方股份,
SS601137,博威合金,
SS601139,深圳燃气,
SS601158,重庆水务,
SS601166,兴业银行,
SS601168,西部矿业,
SS601169,北京银行,
SS601177,杭齿前进,
SS601179,中国西电,
SS601186,中国铁建,
SS601188,龙江交通,
SS601216,内蒙君正,
SS601268,二重重装,
SS601288,农业银行,
SS601299,中国北车,
SS601318,中国平安,
SS601328,交通银行,
SS601333,广深铁路,
SS601369,陕鼓动力,
SS601377,兴业证券,
SS601390,中国中铁,
SS601398,工商银行,
SS601518,吉林高速,
SS601519,大智慧,
SS601558,华锐风电,
SS601588,北辰实业,
SS601600,中国铝业,
SS601601,中国太保,
SS601607,上海医药,
SS601616,广电电气,
SS601618,中国中冶,
SS601628,中国人寿,
SS601666,平煤股份,
SS601668,中国建筑,
SS601678,滨化股份,
SS601688,华泰证券,
SS601699,潞安环能,
SS601700,风范股份,
SS601717,郑煤机,
SS601718,际华集团,
SS601727,上海电气,
SS601766,中国南车,
SS601777,力帆股份,
SS601788,光大证券,
SS601799,星宇股份,
SS601801,皖新传媒,
SS601808,中海油服,
SS601818,光大银行,
SS601857,中国石油,
SS601866,中海集运,
SS601872,招商轮船,
SS601877,正泰电器,
SS601880,大连港,
SS601888,中国国旅,
SS601890,亚星锚链,
SS601898,中煤能源,
SS601899,紫金矿业,
SS601918,国投新集,
SS601919,中国远洋,
SS601933,永辉超市,
SS601939,建设银行,
SS601958,金钼股份,
SS601988,中国银行,
SS601989,中国重工,
SS601991,大唐发电,
SS601992,金隅股份,
SS601998,中信银行,
SS601999,出版传媒,
SZ000001,深发展Ａ,
SZ000002,万  科Ａ,
SZ000004,ST国农,
SZ000005,世纪星源,
SZ000006,深振业Ａ,
SZ000007,ST零七,
SZ000008,ST宝利来,
SZ000009,中国宝安,
SZ000010,S ST华新,
SZ000011,深物业A,
SZ000012,南  玻Ａ,
SZ000014,沙河股份,
SZ000016,深康佳Ａ,
SZ000017,*ST中华A,
SZ000018,ST中冠A,
SZ000019,深深宝Ａ,
SZ000020,深华发Ａ,
SZ000021,长城开发,
SZ000022,深赤湾Ａ,
SZ000023,深天地Ａ,
SZ000024,招商地产,
SZ000025,特  力Ａ,
SZ000026,飞亚达Ａ,
SZ000027,深圳能源,
SZ000028,一致药业,
SZ000029,深深房Ａ,
SZ000030,*ST盛润A,
SZ000031,中粮地产,
SZ000032,深桑达Ａ,
SZ000033,新都酒店,
SZ000034,ST深泰,
SZ000035,*ST科健,
SZ000036,华联控股,
SZ000037,深南电Ａ,
SZ000039,中集集团,
SZ000040,深 鸿 基,
SZ000042,深 长 城,
SZ000043,中航地产,
SZ000045,深纺织Ａ,
SZ000046,泛海建设,
SZ000048,ST康达尔,
SZ000049,德赛电池,
SZ000050,深天马Ａ,
SZ000055,方大集团,
SZ000056,深 国 商,
SZ000058,深 赛 格,
SZ000059,辽通化工,
SZ000060,中金岭南,
SZ000061,农 产 品,
SZ000062,深圳华强,
SZ000063,中兴通讯,
SZ000065,北方国际,
SZ000066,长城电脑,
SZ000068,ST三星,
SZ000069,华侨城Ａ,
SZ000070,特发信息,
SZ000078,海王生物,
SZ000088,盐 田 港,
SZ000089,深圳机场,
SZ000090,深 天 健,
SZ000096,广聚能源,
SZ000099,中信海直,
SZ000100,TCL 集团,
SZ000150,宜华地产,
SZ000151,中成股份,
SZ000153,丰原药业,
SZ000155,川化股份,
SZ000157,中联重科,
SZ000158,常山股份,
SZ000159,国际实业,
SZ000301,东方市场,
SZ000338,潍柴动力,
SZ000400,许继电气,
SZ000401,冀东水泥,
SZ000402,金 融 街,
SZ000404,华意压缩,
SZ000407,胜利股份,
SZ000408,*ST金谷,
SZ000409,ST泰复,
SZ000410,沈阳机床,
SZ000411,英特集团,
SZ000413,宝  石Ａ,
SZ000415,*ST汇通,
SZ000416,民生投资,
SZ000417,合肥百货,
SZ000418,小天鹅Ａ,
SZ000419,通程控股,
SZ000420,吉林化纤,
SZ000421,南京中北,
SZ000422,湖北宜化,
SZ000423,东阿阿胶,
SZ000425,徐工机械,
SZ000426,富龙热电,
SZ000428,华天酒店,
SZ000429,粤高速Ａ,
SZ000430,*ST张股,
SZ000488,晨鸣纸业,
SZ000501,鄂武商Ａ,
SZ000502,绿景地产,
SZ000503,海虹控股,
SZ000504,*ST传媒,
SZ000505,ST珠江,
SZ000506,中润投资,
SZ000507,珠海港,
SZ000509,S*ST华塑,
SZ000510,金路集团,
SZ000511,银基发展,
SZ000513,丽珠集团,
SZ000514,渝 开 发,
SZ000516,开元控股,
SZ000517,荣安地产,
SZ000518,四环生物,
SZ000519,江南红箭,
SZ000520,长航凤凰,
SZ000521,美菱电器,
SZ000522,白云山Ａ,
SZ000523,广州浪奇,
SZ000524,东方宾馆,
SZ000525,红 太 阳,
SZ000526,旭飞投资,
SZ000527,美的电器,
SZ000528,柳    工,
SZ000529,广弘控股,
SZ000530,大冷股份,
SZ000531,穗恒运Ａ,
SZ000532,力合股份,
SZ000533,万 家 乐,
SZ000534,万泽股份,
SZ000536,华映科技,
SZ000537,广宇发展,
SZ000538,云南白药,
SZ000539,粤电力Ａ,
SZ000540,中天城投,
SZ000541,佛山照明,
SZ000543,皖能电力,
SZ000544,中原环保,
SZ000545,吉林制药,
SZ000546,光华控股,
SZ000547,闽福发Ａ,
SZ000548,湖南投资,
SZ000550,江铃汽车,
SZ000551,创元科技,
SZ000552,靖远煤电,
SZ000553,沙隆达Ａ,
SZ000554,泰山石油,
SZ000555,ST 太 光,
SZ000557,*ST广夏,
SZ000558,莱茵置业,
SZ000559,万向钱潮,
SZ000560,昆百大Ａ,
SZ000561,烽火电子,
SZ000562,宏源证券,
SZ000563,陕国投Ａ,
SZ000564,西安民生,
SZ000565,渝三峡Ａ,
SZ000566,海南海药,
SZ000567,海德股份,
SZ000568,泸州老窖,
SZ000570,苏常柴Ａ,
SZ000571,新大洲Ａ,
SZ000572,海马股份,
SZ000573,粤宏远Ａ,
SZ000576,ST甘化,
SZ000578,盐湖集团,
SZ000581,威孚高科,
SZ000582,北 海 港,
SZ000584,友利控股,
SZ000585,东北电气,
SZ000586,ST汇源,
SZ000587,S*ST光明,
SZ000589,黔轮胎Ａ,
SZ000590,紫光古汉,
SZ000591,桐 君 阁,
SZ000592,中福实业,
SZ000593,大通燃气,
SZ000594,国恒铁路,
SZ000595,西北轴承,
SZ000596,古井贡酒,
SZ000597,东北制药,
SZ000598,兴蓉投资,
SZ000599,青岛双星,
SZ000600,建投能源,
SZ000601,韶能股份,
SZ000602,*ST金马,
SZ000603,*ST 威达,
SZ000605,ST 四 环,
SZ000606,青海明胶,
SZ000607,华智控股,
SZ000608,阳光股份,
SZ000609,绵世股份,
SZ000610,西安旅游,
SZ000611,时代科技,
SZ000612,焦作万方,
SZ000613,ST东海Ａ,
SZ000615,湖北金环,
SZ000616,亿城股份,
SZ000617,石油济柴,
SZ000619,海螺型材,
SZ000623,吉林敖东,
SZ000625,长安汽车,
SZ000626,如意集团,
SZ000627,天茂集团,
SZ000628,高新发展,
SZ000629,*ST钒钛,
SZ000630,铜陵有色,
SZ000631,顺发恒业,
SZ000632,三木集团,
SZ000633,ST合金,
SZ000635,英 力 特,
SZ000636,风华高科,
SZ000637,茂化实华,
SZ000638,万方地产,
SZ000639,西王食品,
SZ000650,仁和药业,
SZ000651,格力电器,
SZ000652,泰达股份,
SZ000655,金岭矿业,
SZ000656,ST 东 源,
SZ000659,珠海中富,
SZ000661,长春高新,
SZ000662,索 芙 特,
SZ000663,永安林业,
SZ000665,武汉塑料,
SZ000666,经纬纺机,
SZ000667,名流置业,
SZ000668,荣丰控股,
SZ000669,领先科技,
SZ000671,阳 光 城,
SZ000673,*ST大水,
SZ000676,*ST思达,
SZ000677,山东海龙,
SZ000678,襄阳轴承,
SZ000679,大连友谊,
SZ000680,山推股份,
SZ000682,东方电子,
SZ000683,远兴能源,
SZ000685,中山公用,
SZ000686,东北证券,
SZ000687,保定天鹅,
SZ000690,宝新能源,
SZ000691,*ST亚太,
SZ000692,惠天热电,
SZ000695,滨海能源,
SZ000697,*ST 偏转,
SZ000698,沈阳化工,
SZ000700,模塑科技,
SZ000701,厦门信达,
SZ000702,正虹科技,
SZ000703,*ST光华,
SZ000705,浙江震元,
SZ000707,双环科技,
SZ000708,大冶特钢,
SZ000709,河北钢铁,
SZ000710,天兴仪表,
SZ000711,天伦置业,
SZ000712,锦龙股份,
SZ000713,丰乐种业,
SZ000715,中兴商业,
SZ000716,*ST南方,
SZ000717,韶钢松山,
SZ000718,苏宁环球,
SZ000720,ST能山,
SZ000721,西安饮食,
SZ000723,美锦能源,
SZ000725,京东方Ａ,
SZ000726,鲁  泰Ａ,
SZ000727,华东科技,
SZ000728,国元证券,
SZ000729,燕京啤酒,
SZ000731,四川美丰,
SZ000732,ST三农,
SZ000733,振华科技,
SZ000735,罗 牛 山,
SZ000736,ST 重 实,
SZ000737,南风化工,
SZ000738,中航动控,
SZ000739,普洛股份,
SZ000748,长城信息,
SZ000750,SST集琦,
SZ000751,锌业股份,
SZ000752,西藏发展,
SZ000753,漳州发展,
SZ000755,山西三维,
SZ000756,新华制药,
SZ000758,中色股份,
SZ000759,武汉中百,
SZ000760,*ST博盈,
SZ000761,本钢板材,
SZ000762,西藏矿业,
SZ000766,通化金马,
SZ000767,漳泽电力,
SZ000768,西飞国际,
SZ000776,广发证券,
SZ000777,中核科技,
SZ000778,新兴铸管,
SZ000779,三毛派神,
SZ000780,平庄能源,
SZ000782,美达股份,
SZ000783,长江证券,
SZ000785,武汉中商,
SZ000786,北新建材,
SZ000788,西南合成,
SZ000789,江西水泥,
SZ000790,华神集团,
SZ000791,西北化工,
SZ000792,盐湖钾肥,
SZ000793,华闻传媒,
SZ000795,太原刚玉,
SZ000796,易食股份,
SZ000797,中国武夷,
SZ000798,中水渔业,
SZ000799,酒 鬼 酒,
SZ000800,一汽轿车,
SZ000801,四川九洲,
SZ000802,北京旅游,
SZ000803,金宇车城,
SZ000806,银河科技,
SZ000807,云铝股份,
SZ000809,中汇医药,
SZ000810,华润锦华,
SZ000811,烟台冰轮,
SZ000812,陕西金叶,
SZ000813,天山纺织,
SZ000815,美利纸业,
SZ000816,江淮动力,
SZ000818,*ST化工,
SZ000819,岳阳兴长,
SZ000820,*ST金城,
SZ000821,京山轻机,
SZ000822,山东海化,
SZ000823,超声电子,
SZ000825,太钢不锈,
SZ000826,桑德环境,
SZ000828,东莞控股,
SZ000829,天音控股,
SZ000830,鲁西化工,
SZ000831,*ST关铝,
SZ000833,贵糖股份,
SZ000835,四川圣达,
SZ000836,鑫茂科技,
SZ000837,秦川发展,
SZ000838,国兴地产,
SZ000839,中信国安,
SZ000848,承德露露,
SZ000850,华茂股份,
SZ000851,高鸿股份,
SZ000852,江钻股份,
SZ000856,ST唐陶,
SZ000858,五 粮 液,
SZ000859,国风塑业,
SZ000860,顺鑫农业,
SZ000861,海印股份,
SZ000862,银星能源,
SZ000868,安凯客车,
SZ000869,张  裕Ａ,
SZ000875,吉电股份,
SZ000876,新 希 望,
SZ000877,天山股份,
SZ000878,云南铜业,
SZ000880,潍柴重机,
SZ000881,大连国际,
SZ000882,华联股份,
SZ000883,湖北能源,
SZ000885,同力水泥,
SZ000886,海南高速,
SZ000887,中鼎股份,
SZ000888,峨眉山Ａ,
SZ000889,渤海物流,
SZ000890,法 尔 胜,
SZ000892,*ST星美,
SZ000893,东凌粮油,
SZ000895,双汇发展,
SZ000897,津滨发展,
SZ000898,鞍钢股份,
SZ000899,赣能股份,
SZ000900,现代投资,
SZ000901,航天科技,
SZ000902,*ST中服,
SZ000903,云内动力,
SZ000905,厦门港务,
SZ000906,南方建材,
SZ000908,*ST天一,
SZ000909,数源科技,
SZ000910,大亚科技,
SZ000911,南宁糖业,
SZ000912,泸 天 化,
SZ000913,钱江摩托,
SZ000915,山大华特,
SZ000916,华北高速,
SZ000917,电广传媒,
SZ000918,嘉凯城,
SZ000919,金陵药业,
SZ000920,南方汇通,
SZ000921,ST 科 龙,
SZ000922,*ST阿继,
SZ000923,河北宣工,
SZ000925,众合机电,
SZ000926,福星股份,
SZ000927,一汽夏利,
SZ000928,中钢吉炭,
SZ000929,兰州黄河,
SZ000930,丰原生化,
SZ000931,中 关 村,
SZ000932,华菱钢铁,
SZ000933,神火股份,
SZ000935,四川双马,
SZ000936,华 西 村,
SZ000937,冀中能源,
SZ000938,紫光股份,
SZ000939,凯迪电力,
SZ000948,南天信息,
SZ000949,新乡化纤,
SZ000950,建峰化工,
SZ000951,中国重汽,
SZ000952,广济药业,
SZ000953,*ST河化,
SZ000955,ST欣龙,
SZ000957,中通客车,
SZ000958,*ST东热,
SZ000959,首钢股份,
SZ000960,锡业股份,
SZ000961,中南建设,
SZ000962,东方钽业,
SZ000963,华东医药,
SZ000965,天保基建,
SZ000966,长源电力,
SZ000967,上风高科,
SZ000968,煤 气 化,
SZ000969,安泰科技,
SZ000970,中科三环,
SZ000971,ST迈亚,
SZ000972,新 中 基,
SZ000973,佛塑股份,
SZ000975,科 学 城,
SZ000976,*ST春晖,
SZ000977,浪潮信息,
SZ000978,桂林旅游,
SZ000979,中弘地产,
SZ000980,金马股份,
SZ000982,中银绒业,
SZ000983,西山煤电,
SZ000985,大庆华科,
SZ000987,广州友谊,
SZ000988,华工科技,
SZ000989,九 芝 堂,
SZ000990,诚志股份,
SZ000993,闽东电力,
SZ000995,ST皇台,
SZ000996,中国中期,
SZ000997,新 大 陆,
SZ000998,隆平高科,
SZ000999,华润三九,
SZ001696,宗申动力,
SZ001896,*ST豫能,
SZ002001,新 和 成,
SZ002002,ST琼花,
SZ002003,伟星股份,
SZ002004,华邦制药,
SZ002005,德豪润达,
SZ002006,精功科技,
SZ002007,华兰生物,
SZ002008,大族激光,
SZ002009,天奇股份,
SZ002010,传化股份,
SZ002011,盾安环境,
SZ002012,凯恩股份,
SZ002013,中航精机,
SZ002014,永新股份,
SZ002015,霞客环保,
SZ002016,世荣兆业,
SZ002017,东信和平,
SZ002018,华星化工,
SZ002019,鑫富药业,
SZ002020,京新药业,
SZ002021,中捷股份,
SZ002022,科华生物,
SZ002023,海特高新,
SZ002024,苏宁电器,
SZ002025,航天电器,
SZ002026,山东威达,
SZ002027,七喜控股,
SZ002028,思源电气,
SZ002029,七 匹 狼,
SZ002030,达安基因,
SZ002031,巨轮股份,
SZ002032,苏 泊 尔,
SZ002033,丽江旅游,
SZ002034,美 欣 达,
SZ002035,华帝股份,
SZ002036,宜科科技,
SZ002037,久联发展,
SZ002038,双鹭药业,
SZ002039,黔源电力,
SZ002040,南 京 港,
SZ002041,登海种业,
SZ002042,华孚色纺,
SZ002043,兔 宝 宝,
SZ002044,江苏三友,
SZ002045,广州国光,
SZ002046,轴研科技,
SZ002047,成霖股份,
SZ002048,宁波华翔,
SZ002049,晶源电子,
SZ002050,三花股份,
SZ002051,中工国际,
SZ002052,同洲电子,
SZ002053,云南盐化,
SZ002054,德美化工,
SZ002055,得润电子,
SZ002056,横店东磁,
SZ002057,中钢天源,
SZ002058,威 尔 泰,
SZ002059,云南旅游,
SZ002060,粤 水 电,
SZ002061,江山化工,
SZ002062,宏润建设,
SZ002063,远光软件,
SZ002064,华峰氨纶,
SZ002065,东华软件,
SZ002066,瑞泰科技,
SZ002067,景兴纸业,
SZ002068,黑猫股份,
SZ002069,獐 子 岛,
SZ002070,众和股份,
SZ002071,江苏宏宝,
SZ002072,*ST德棉,
SZ002073,软控股份,
SZ002074,东源电器,
SZ002076,雪 莱 特,
SZ002077,大港股份,
SZ002078,太阳纸业,
SZ002079,苏州固锝,
SZ002080,中材科技,
SZ002081,金 螳 螂,
SZ002082,栋梁新材,
SZ002083,孚日股份,
SZ002084,海鸥卫浴,
SZ002085,万丰奥威,
SZ002086,东方海洋,
SZ002087,新野纺织,
SZ002088,鲁阳股份,
SZ002089,新 海 宜,
SZ002090,金智科技,
SZ002091,江苏国泰,
SZ002092,中泰化学,
SZ002093,国脉科技,
SZ002094,青岛金王,
SZ002095,生 意 宝,
SZ002096,南岭民爆,
SZ002097,山河智能,
SZ002098,浔兴股份,
SZ002099,海翔药业,
SZ002100,天康生物,
SZ002101,广东鸿图,
SZ002102,冠福家用,
SZ002103,广博股份,
SZ002104,恒宝股份,
SZ002105,信隆实业,
SZ002106,莱宝高科,
SZ002107,沃华医药,
SZ002108,沧州明珠,
SZ002109,兴化股份,
SZ002110,三钢闽光,
SZ002111,威海广泰,
SZ002112,三变科技,
SZ002113,ST天润,
SZ002114,罗平锌电,
SZ002115,三维通信,
SZ002116,中国海诚,
SZ002117,东港股份,
SZ002118,紫鑫药业,
SZ002119,康强电子,
SZ002120,新海股份,
SZ002121,科陆电子,
SZ002122,天马股份,
SZ002123,荣信股份,
SZ002124,天邦股份,
SZ002125,湘潭电化,
SZ002126,银轮股份,
SZ002127,新民科技,
SZ002128,露天煤业,
SZ002129,中环股份,
SZ002130,沃尔核材,
SZ002131,利欧股份,
SZ002132,恒星科技,
SZ002133,广宇集团,
SZ002134,天津普林,
SZ002135,东南网架,
SZ002136,安 纳 达,
SZ002137,实 益 达,
SZ002138,顺络电子,
SZ002139,拓邦股份,
SZ002140,东华科技,
SZ002141,蓉胜超微,
SZ002142,宁波银行,
SZ002143,高金食品,
SZ002144,宏达高科,
SZ002145,*ST钛白,
SZ002146,荣盛发展,
SZ002147,方圆支承,
SZ002148,北纬通信,
SZ002149,西部材料,
SZ002150,江苏通润,
SZ002151,北斗星通,
SZ002152,广电运通,
SZ002153,石基信息,
SZ002154,报 喜 鸟,
SZ002155,辰州矿业,
SZ002156,通富微电,
SZ002157,正邦科技,
SZ002158,汉钟精机,
SZ002159,三特索道,
SZ002160,常铝股份,
SZ002161,远 望 谷,
SZ002162,斯 米 克,
SZ002163,中航三鑫,
SZ002164,东力传动,
SZ002165,红 宝 丽,
SZ002166,莱茵生物,
SZ002167,东方锆业,
SZ002168,深圳惠程,
SZ002169,智光电气,
SZ002170,芭田股份,
SZ002171,精诚铜业,
SZ002172,澳洋科技,
SZ002173,山 下 湖,
SZ002174,梅 花 伞,
SZ002175,广陆数测,
SZ002176,江特电机,
SZ002177,御银股份,
SZ002178,延华智能,
SZ002179,中航光电,
SZ002180,万 力 达,
SZ002181,粤 传 媒,
SZ002182,云海金属,
SZ002183,怡 亚 通,
SZ002184,海得控制,
SZ002185,华天科技,
SZ002186,全 聚 德,
SZ002187,广百股份,
SZ002188,新 嘉 联,
SZ002189,利达光电,
SZ002190,成飞集成,
SZ002191,劲嘉股份,
SZ002192,路翔股份,
SZ002193,山东如意,
SZ002194,武汉凡谷,
SZ002195,海隆软件,
SZ002196,方正电机,
SZ002197,证通电子,
SZ002198,嘉应制药,
SZ002199,东晶电子,
SZ002200,绿 大 地,
SZ002201,九鼎新材,
SZ002202,金风科技,
SZ002203,海亮股份,
SZ002204,华锐铸钢,
SZ002205,国统股份,
SZ002206,海 利 得,
SZ002207,准油股份,
SZ002208,合肥城建,
SZ002209,达 意 隆,
SZ002210,飞马国际,
SZ002211,宏达新材,
SZ002212,南洋股份,
SZ002213,特 尔 佳,
SZ002214,大立科技,
SZ002215,诺 普 信,
SZ002216,三全食品,
SZ002217,联合化工,
SZ002218,拓日新能,
SZ002219,独 一 味,
SZ002220,天宝股份,
SZ002221,东华能源,
SZ002222,福晶科技,
SZ002223,鱼跃医疗,
SZ002224,三 力 士,
SZ002225,濮耐股份,
SZ002226,江南化工,
SZ002227,奥 特 迅,
SZ002228,合兴包装,
SZ002229,鸿博股份,
SZ002230,科大讯飞,
SZ002231,奥维通信,
SZ002232,启明信息,
SZ002233,塔牌集团,
SZ002234,民和股份,
SZ002235,安妮股份,
SZ002236,大华股份,
SZ002237,恒邦股份,
SZ002238,天威视讯,
SZ002239,金 飞 达,
SZ002240,威华股份,
SZ002241,歌尔声学,
SZ002242,九阳股份,
SZ002243,通产丽星,
SZ002244,滨江集团,
SZ002245,澳洋顺昌,
SZ002246,北化股份,
SZ002247,帝龙新材,
SZ002248,华东数控,
SZ002249,大洋电机,
SZ002250,联化科技,
SZ002251,步 步 高,
SZ002252,上海莱士,
SZ002253,川大智胜,
SZ002254,烟台氨纶,
SZ002255,海陆重工,
SZ002256,彩虹精化,
SZ002258,利尔化学,
SZ002259,升达林业,
SZ002260,伊 立 浦,
SZ002261,拓维信息,
SZ002262,恩华药业,
SZ002263,大 东 南,
SZ002264,新 华 都,
SZ002265,西仪股份,
SZ002266,浙富股份,
SZ002267,陕天然气,
SZ002268,卫 士 通,
SZ002269,美邦服饰,
SZ002270,法因数控,
SZ002271,东方雨虹,
SZ002272,川润股份,
SZ002273,水晶光电,
SZ002274,华昌化工,
SZ002275,桂林三金,
SZ002276,万马电缆,
SZ002277,友阿股份,
SZ002278,神开股份,
SZ002279,久其软件,
SZ002280,新世纪,
SZ002281,光迅科技,
SZ002282,博深工具,
SZ002283,天润曲轴,
SZ002284,亚太股份,
SZ002285,世联地产,
SZ002286,保龄宝,
SZ002287,奇正藏药,
SZ002288,超华科技,
SZ002289,宇顺电子,
SZ002290,禾盛新材,
SZ002291,星期六,
SZ002292,奥飞动漫,
SZ002293,罗莱家纺,
SZ002294,信立泰,
SZ002295,精艺股份,
SZ002296,辉煌科技,
SZ002297,博云新材,
SZ002298,鑫龙电器,
SZ002299,圣农发展,
SZ002300,太阳电缆,
SZ002301,齐心文具,
SZ002302,西部建设,
SZ002303,美盈森,
SZ002304,洋河股份,
SZ002305,南国置业,
SZ002306,湘鄂情,
SZ002307,北新路桥,
SZ002308,威创股份,
SZ002309,中利科技,
SZ002310,东方园林,
SZ002311,海大集团,
SZ002312,三泰电子,
SZ002313,日海通讯,
SZ002314,雅致股份,
SZ002315,焦点科技,
SZ002316,键桥通讯,
SZ002317,众生药业,
SZ002318,久立特材,
SZ002319,乐通股份,
SZ002320,海峡股份,
SZ002321,华英农业,
SZ002322,理工监测,
SZ002323,中联电气,
SZ002324,普利特,
SZ002325,洪涛股份,
SZ002326,永太科技,
SZ002327,富安娜,
SZ002328,新朋股份,
SZ002329,皇氏乳业,
SZ002330,得利斯,
SZ002331,皖通科技,
SZ002332,仙琚制药,
SZ002333,罗普斯金,
SZ002334,英威腾,
SZ002335,科华恒盛,
SZ002336,人人乐,
SZ002337,赛象科技,
SZ002338,奥普光电,
SZ002339,积成电子,
SZ002340,格林美,
SZ002341,新纶科技,
SZ002342,巨力索具,
SZ002343,禾欣股份,
SZ002344,海宁皮城,
SZ002345,潮宏基,
SZ002346,柘中建设,
SZ002347,泰尔重工,
SZ002348,高乐股份,
SZ002349,精华制药,
SZ002350,北京科锐,
SZ002351,漫步者,
SZ002352,鼎泰新材,
SZ002353,杰瑞股份,
SZ002354,科冕木业,
SZ002355,兴民钢圈,
SZ002356,浩宁达,
SZ002357,富临运业,
SZ002358,森源电气,
SZ002359,齐星铁塔,
SZ002360,同德化工,
SZ002361,神剑股份,
SZ002362,汉王科技,
SZ002363,隆基机械,
SZ002364,中恒电气,
SZ002365,永安药业,
SZ002366,丹甫股份,
SZ002367,康力电梯,
SZ002368,太极股份,
SZ002369,卓翼科技,
SZ002370,亚太药业,
SZ002371,七星电子,
SZ002372,伟星新材,
SZ002373,联信永益,
SZ002374,丽鹏股份,
SZ002375,亚厦股份,
SZ002376,新北洋,
SZ002377,国创高新,
SZ002378,章源钨业,
SZ002379,鲁丰股份,
SZ002380,科远股份,
SZ002381,双箭股份,
SZ002382,蓝帆股份,
SZ002383,合众思壮,
SZ002384,东山精密,
SZ002385,大北农,
SZ002386,天原集团,
SZ002387,黑牛食品,
SZ002388,新亚制程,
SZ002389,南洋科技,
SZ002390,信邦制药,
SZ002391,长青股份,
SZ002392,北京利尔,
SZ002393,力生制药,
SZ002394,联发股份,
SZ002395,双象股份,
SZ002396,星网锐捷,
SZ002397,梦洁家纺,
SZ002398,建研集团,
SZ002399,海普瑞,
SZ002400,省广股份,
SZ002401,交技发展,
SZ002402,和而泰,
SZ002403,爱仕达,
SZ002404,嘉欣丝绸,
SZ002405,四维图新,
SZ002406,远东传动,
SZ002407,多氟多,
SZ002408,齐翔腾达,
SZ002409,雅克科技,
SZ002410,广联达,
SZ002411,九九久,
SZ002412,汉森制药,
SZ002413,常发股份,
SZ002414,高德红外,
SZ002415,海康威视,
SZ002416,爱施德,
SZ002417,三元达,
SZ002418,康盛股份,
SZ002419,天虹商场,
SZ002420,毅昌股份,
SZ002421,达实智能,
SZ002422,科伦药业,
SZ002423,中原特钢,
SZ002424,贵州百灵,
SZ002425,凯撒股份,
SZ002426,胜利精密,
SZ002427,尤夫股份,
SZ002428,云南锗业,
SZ002429,兆驰股份,
SZ002430,杭氧股份,
SZ002431,棕榈园林,
SZ002432,九安医疗,
SZ002433,太安堂,
SZ002434,万里扬,
SZ002435,长江润发,
SZ002436,兴森科技,
SZ002437,誉衡药业,
SZ002438,江苏神通,
SZ002439,启明星辰,
SZ002440,闰土股份,
SZ002441,众业达,
SZ002442,龙星化工,
SZ002443,金洲管道,
SZ002444,巨星科技,
SZ002445,中南重工,
SZ002446,盛路通信,
SZ002447,壹桥苗业,
SZ002448,中原内配,
SZ002449,国星光电,
SZ002450,康得新,
SZ002451,摩恩电气,
SZ002452,长高集团,
SZ002453,天马精化,
SZ002454,松芝股份,
SZ002455,百川股份,
SZ002456,欧菲光,
SZ002457,青龙管业,
SZ002458,益生股份,
SZ002459,天业通联,
SZ002460,赣锋锂业,
SZ002461,珠江啤酒,
SZ002462,嘉事堂,
SZ002463,沪电股份,
SZ002464,金利科技,
SZ002465,海格通信,
SZ002466,天齐锂业,
SZ002467,二六三,
SZ002468,艾迪西,
SZ002469,三维工程,
SZ002470,金正大,
SZ002471,中超电缆,
SZ002472,双环传动,
SZ002473,圣莱达,
SZ002474,榕基软件,
SZ002475,立讯精密,
SZ002476,宝莫股份,
SZ002477,雏鹰农牧,
SZ002478,常宝股份,
SZ002479,富春环保,
SZ002480,新筑股份,
SZ002481,双塔食品,
SZ002482,广田股份,
SZ002483,润邦股份,
SZ002484,江海股份,
SZ002485,希努尔,
SZ002486,嘉麟杰,
SZ002487,大金重工,
SZ002488,金固股份,
SZ002489,浙江永强,
SZ002490,山东墨龙,
SZ002491,通鼎光电,
SZ002492,恒基达鑫,
SZ002493,荣盛石化,
SZ002494,华斯股份,
SZ002495,佳隆股份,
SZ002496,辉丰股份,
SZ002497,雅化集团,
SZ002498,汉缆股份,
SZ002499,科林环保,
SZ002500,山西证券,
SZ002501,利源铝业,
SZ002502,骅威股份,
SZ002503,搜于特,
SZ002504,东光微电,
SZ002505,大康牧业,
SZ002506,超日太阳,
SZ002507,涪陵榨菜,
SZ002508,老板电器,
SZ002509,天广消防,
SZ002510,天汽模,
SZ002511,中顺洁柔,
SZ002512,达华智能,
SZ002513,蓝丰生化,
SZ002514,宝馨科技,
SZ002515,金字火腿,
SZ002516,江苏旷达,
SZ002517,泰亚股份,
SZ002518,科士达,
SZ002519,银河电子,
SZ002520,日发数码,
SZ002521,齐峰股份,
SZ002522,浙江众成,
SZ002523,天桥起重,
SZ002524,光正钢构,
SZ002526,山东矿机,
SZ002527,新时达,
SZ002528,英飞拓,
SZ002529,海源机械,
SZ002530,丰东股份,
SZ002531,天顺风能,
SZ002532,新界泵业,
SZ002533,金杯电工,
SZ002534,杭锅股份,
SZ002535,林州重机,
SZ002536,西泵股份,
SZ002537,海立美达,
SZ002538,司尔特,
SZ002539,新都化工,
SZ002540,亚太科技,
SZ002541,鸿路钢构,
SZ002542,中化岩土,
SZ002543,万和电气,
SZ002544,杰赛科技,
SZ002545,东方铁塔,
SZ002546,新联电子,
SZ002547,春兴精工,
SZ002548,金新农,
SZ002549,凯美特气,
SZ002550,千红制药,
SZ002551,尚荣医疗,
SZ002552,宝鼎重工,
SZ002553,南方轴承,
SZ002554,惠博普,
SZ002555,顺荣股份,
SZ002556,辉隆股份,
SZ002557,洽洽食品,
SZ002558,世纪游轮,
SZ002559,亚威股份,
SZ002560,通达股份,
SZ002561,徐家汇,
SZ002565,上海绿新,
SZ002566,益盛药业,
SZ300001,特锐德,
SZ300002,神州泰岳,
SZ300003,乐普医疗,
SZ300004,南风股份,
SZ300005,探路者,
SZ300006,莱美药业,
SZ300007,汉威电子,
SZ300008,上海佳豪,
SZ300009,安科生物,
SZ300010,立思辰,
SZ300011,鼎汉技术,
SZ300012,华测检测,
SZ300013,新宁物流,
SZ300014,亿纬锂能,
SZ300015,爱尔眼科,
SZ300016,北陆药业,
SZ300017,网宿科技,
SZ300018,中元华电,
SZ300019,硅宝科技,
SZ300020,银江股份,
SZ300021,大禹节水,
SZ300022,吉峰农机,
SZ300023,宝德股份,
SZ300024,机器人,
SZ300025,华星创业,
SZ300026,红日药业,
SZ300027,华谊兄弟,
SZ300028,金亚科技,
SZ300029,天龙光电,
SZ300030,阳普医疗,
SZ300031,宝通带业,
SZ300032,金龙机电,
SZ300033,同花顺,
SZ300034,钢研高纳,
SZ300035,中科电气,
SZ300036,超图软件,
SZ300037,新宙邦,
SZ300038,梅泰诺,
SZ300039,上海凯宝,
SZ300040,九洲电气,
SZ300041,回天胶业,
SZ300042,朗科科技,
SZ300043,星辉车模,
SZ300044,赛为智能,
SZ300045,华力创通,
SZ300046,台基股份,
SZ300047,天源迪科,
SZ300048,合康变频,
SZ300049,福瑞股份,
SZ300050,世纪鼎利,
SZ300051,三五互联,
SZ300052,中青宝,
SZ300053,欧比特,
SZ300054,鼎龙股份,
SZ300055,万邦达,
SZ300056,三维丝,
SZ300057,万顺股份,
SZ300058,蓝色光标,
SZ300059,东方财富,
SZ300061,康耐特,
SZ300062,中能电气,
SZ300063,天龙集团,
SZ300064,豫金刚石,
SZ300065,海兰信,
SZ300066,三川股份,
SZ300067,安诺其,
SZ300068,南都电源,
SZ300069,金利华电,
SZ300070,碧水源,
SZ300071,华谊嘉信,
SZ300072,三聚环保,
SZ300073,当升科技,
SZ300074,华平股份,
SZ300075,数字政通,
SZ300076,宁波GQY,
SZ300077,国民技术,
SZ300078,中瑞思创,
SZ300079,数码视讯,
SZ300080,新大新材,
SZ300081,恒信移动,
SZ300082,奥克股份,
SZ300083,劲胜股份,
SZ300084,海默科技,
SZ300085,银之杰,
SZ300086,康芝药业,
SZ300087,荃银高科,
SZ300088,长信科技,
SZ300089,长城集团,
SZ300090,盛运股份,
SZ300091,金通灵,
SZ300092,科新机电,
SZ300093,金刚玻璃,
SZ300094,国联水产,
SZ300095,华伍股份,
SZ300096,易联众,
SZ300097,智云股份,
SZ300098,高新兴,
SZ300099,尤洛卡,
SZ300100,双林股份,
SZ300101,国腾电子,
SZ300102,乾照光电,
SZ300103,达刚路机,
SZ300104,乐视网,
SZ300105,龙源技术,
SZ300106,西部牧业,
SZ300107,建新股份,
SZ300108,双龙股份,
SZ300109,新开源,
SZ300110,华仁药业,
SZ300111,向日葵,
SZ300112,万讯自控,
SZ300113,顺网科技,
SZ300114,中航电测,
SZ300115,长盈精密,
SZ300116,坚瑞消防,
SZ300117,嘉寓股份,
SZ300118,东方日升,
SZ300119,瑞普生物,
SZ300120,经纬电材,
SZ300121,阳谷华泰,
SZ300122,智飞生物,
SZ300123,太阳鸟,
SZ300124,汇川技术,
SZ300125,易世达,
SZ300126,锐奇股份,
SZ300127,银河磁体,
SZ300128,锦富新材,
SZ300129,泰胜风能,
SZ300130,新国都,
SZ300131,英唐智控,
SZ300132,青松股份,
SZ300133,华策影视,
SZ300134,大富科技,
SZ300135,宝利沥青,
SZ300136,信维通信,
SZ300137,先河环保,
SZ300138,晨光生物,
SZ300139,福星晓程,
SZ300140,启源装备,
SZ300141,和顺电气,
SZ300142,沃森生物,
SZ300143,星河生物,
SZ300144,宋城股份,
SZ300145,南方泵业,
SZ300146,汤臣倍健,
SZ300147,香雪制药,
SZ300148,天舟文化,
SZ300149,量子高科,
SZ300150,世纪瑞尔,
SZ300151,昌红科技,
SZ300152,燃控科技,
SZ300153,科泰电源,
SZ300154,瑞凌股份,
SZ300155,安居宝,
SZ300156,天立环保,
SZ300157,恒泰艾普,
SZ300158,振东制药,
SZ300159,新研股份,
SZ300160,秀强股份,
SZ300161,华中数控,
SZ300162,雷曼光电,
SZ300163,先锋新材,
SZ300164,通源石油,
SZ300165,天瑞仪器,
SZ300166,东方国信,
SZ300167,迪威视讯,
SZ300168,万达信息,
SZ300169,天晟新材,
SZ300170,汉得信息,
SZ300171,东富龙,
SZ300172,中电环保,
SZ300173,松德股份,
SZ300174,元力股份,
SZ300175,朗源股份,
SZ300176,鸿特精密,
SZ300177,中海达,
SZ300178,腾邦国际,
SZ300179,四方达,
SZ300180,华峰超纤,
SZ300181,佐力药业,
SZ300182,捷成股份,
SZ300183,东软载波,
SZ300184,力源信息,
SZ300185,通裕重工,
SZ300186,大华农,
SZ300187,永清环保,
SZ300188,美亚柏科,
SZ300189,神农大丰,
SZ300190,维尔利,
SZ300191,潜能恒信,
SZ300192,科斯伍德,
SZ300193,佳士科技,
SZ300194,福安药业,
